{
  "pivot_x": 0.764663430777463,
  "pivot_y": 1.123861067945307,
  "center_arm_rad": -1.5707963267948966,
  "left_arm_rad": -2.2406565771986506,
  "right_arm_rad": -1.3842644010276703,
  "closed_openness": 0.4189054955653811,
  "open_openness": 1.3348550014292075,
  "steer_exponent": 5.0
}