{
  "left_neutral_size": 0.44259934569453147,
  "left_forward_size": 0.6860093171634372,
  "left_backward_size": 0.09591374201175971,
  "right_neutral_size": 0.4783701979236686,
  "right_forward_size": 0.7151535138606079,
  "right_backward_size": 0.22477747790225144,
  "steer_exponent": 3.0
}