{
  "center_tilt_rad": 0.3251170263216993,
  "left_tilt_rad": -0.263726497047723,
  "right_tilt_rad": 1.157360926486437,
  "closed_openness": 0.550962297027327,
  "open_openness": 1.6078372504909333,
  "steer_exponent": 2.0
}