{
  "left_neutral_size": 0.22619884312152863,
  "left_forward_size": 0.37813169360160825,
  "left_backward_size": 0.130119252204895,
  "right_neutral_size": 0.22157966196537018,
  "right_forward_size": 0.3429039061069489,
  "right_backward_size": 0.130156010389328,
  "steer_exponent": 3.0
}