{
  "center_tilt_rad": 0.31044114652918164,
  "left_tilt_rad": -0.4766478564312686,
  "right_tilt_rad": 1.1145079096994648,
  "closed_openness": 0.39297841010575346,
  "open_openness": 1.6134512830075773,
  "steer_exponent": 2.0
}